Prim,Tyrael,Bajorno,Michael Morbius,Morbius,Arun,Panez,Doomsday,Vanamar,WhatTheDrunk,Lothrazar,Chelly,Chelicia,Darsh,Dariush,Cheese E Piloza,Bing,Royal,NoWayHere,SwankyStella,Isosahedron,Asfalis,Biz,Icicle,Darko,Shadows,Katarina,Faellynna,Diliviel,Jank,Albert,Andrew,Anderson,Andy,Allan,Arthur,Aaron,Allison,Arielle,Amanda,Anne,Annie,Amy,Alana,Brandon,Brady,Bernard,Ben,Benjamin,Bob,Bobette,Brooke,Brandy,Beatrice,Bea,Bella,Becky,Carlton,Carl,Calvin,Cameron,Carson,Chase,Cassandra,Cassie,Cas,Carol,Carly,Cherise,Charlotte,Cheryl,Chasity,Danny,Drake,Daniel,Derrel,David,Dave,Donovan,Don,Donald,Drew,Derrick,Darla,Donna,Dora,Danielle,Edward,Elliot,Ed,Edson,Elton,Eddison,Earl,Eric,Ericson,Eddie,Ediovany,Emma,Elizabeth,Eliza,Esperanza,Esper,Esmeralda,Emi,Emily,Elaine,Fernando,Ferdinand,Fred,Feddie,Fredward,Frank,Franklin,Felix,Felicia,Fran,Greg,Gregory,George,Gerald,Gina,Geraldine,Gabby,Hendrix,Henry,Hobbes,Herbert,Heath,Henderson,Helga,Hera,Helen,Helena,Hannah,Ike,Issac,Israel,Ismael,Irlanda,Isabelle,Irene,Irenia,Jimmy,Jim,Justin,Jacob,Jake,Jon,Johnson,Jonny,Jonathan,Josh,Joshua,Julian,Jesus,Jericho,Jeb,Jess,Joan,Jill,Jillian,Jessica,Jennifer,Jenny,Jen,Judy,Kenneth,Kenny,Ken,Keith,Kevin,Karen,Kassandra,Kassie,Leonard,Leo,Leroy,Lee,Lenny,Luke,Lucas,Liam,Lorraine,Latasha,Lauren,Laquisha,Livia,Lydia,Lila,Lilly,Lillian,Lilith,Lana,Mason,Mike,Mickey,Mario,Manny,Mark,Marcus,Martin,Marty,Matthew,Matt,Max,Maximillian,Marth,Mia,Marriah,Maddison,Maddie,Marissa,Miranda,Mary,Martha,Melonie,Melody,Mel,Minnie,Nathan,Nathaniel,Nate,Ned,Nick,Norman,Nicholas,Natasha,Nicki,Nora,Nelly,Nina,Orville,Oliver,Orlando,Owen,Olsen,Odin,Olaf,Ortega,Olivia,Patrick,Pat,Paul,Perry,Pinnochio,Patrice,Patricia,Pennie,Petunia,Patti,Pernelle,Quade,Quincy,Quentin,Quinn,Roberto,Robbie,Rob,Robert,Roy,Roland,Ronald,Richard,Rick,Ricky,Rose,Rosa,Rhonda,Rebecca,Roberta,Sparky,Shiloh,Stephen,Steve,Saul,Sheen,Shane,Sean,Sampson,Samuel,Sammy,Stefan,Sasha,Sam,Susan,Suzy,Shelby,Samantha,Sheila,Sharon,Sally,Stephanie,Sandra,Sandy,Sage,Tim,Thomas,Thompson,Tyson,Tyler,Tom,Tyrone,Timmothy,Tamara,Tabby,Tabitha,Tessa,Tiara,Tyra,Uriel,Ursala,Uma,Victor,Vincent,Vince,Vance,Vinny,Velma,Victoria,Veronica,Wilson,Wally,Wallace,Will,Wilard,William,Wilhelm,Xavier,Xandra,Young,Yvonne,Yolanda,Zach,Zachary,
Prim,Morb,Ius,Kat,Chel,Bing,Darsh,Jank,Dark,Osto,Grab,Thar,Ger,Ald,Mas,On,O,Din,Thor,Jon,Ath,Burb,En,A,E,I,U,Hab,Bloo,Ena,Dit,Aph,Ern,Bor,Dav,Id,Toast,Son,For,Wen,Lob,Van,Zap,Ear,Ben,Don,Bran,Gro,Jen,Bob,Ette,Ere,Man,Qua,Bro,Cree,Per,Skel,Ton,Zom,Bie,Wolf,End,Er,Pig,Sil,Ver,Fish,Cow,Chic,Ken,Sheep,Squid,
Dr. Michael,Sir,Mister,Madam,Doctor,Father,Mother,Poppa,Lord,Lady,Overseer,Professor,Mr.,Mr. President,Duke,Duchess,Dame,The Honorable,Chancellor,Vice-Chancellor,His Holiness,Reverend,Count,Viscount,Earl,Captain,Major,General,
Morbius,Dragonborn,Rejected,Mighty,Supreme,Superior,Ultimate,Lame,Wimpy,Curious,Sneaky,Pathetic,Crying,Eagle,Errant,Unholy,Questionable,Mean,Hungry,Thirsty,Feeble,Wise,Sage,Magical,Mythical,Legendary,Not Very Nice,Jerk,Doctor,Misunderstood,Angry,Knight,Bishop,Godly,Special,Toasty,Shiny,Shimmering,Light,Dark,Odd-Smelling,Funky,Rock Smasher,Son of Herobrine,Cracked,Sticky,§kAlien§r,Baby,Manly,Rough,Scary,Undoubtable,Honest,Non-Suspicious,Boring,Odd,Lazy,Super,Nifty,Ogre Slayer,Pig Thief,Dirt Digger,Really Cool,Doominator,... Something,Extra-Fishy,Gorilla Slaughterer,Marbles Winner,AC Rizzlord,President,Burger Chef,Professional Animator,Cheese Sprayer,Happiness Advocate,Ghost Hunter,Head of Potatoes,Ninja,Warrior,Pyromancer,
